INDEX,NAME,HEX_BYTES,ROW0,ROW1,ROW2,ROW3,ROW4,ROW5,ROW6,ROW7
0,A,18 24 42 42 7E 42 42 00,...##...,..#..#..,.#....#.,.#....#.,.######.,.#....#.,.#....#.,........
1,B,7C 42 42 7C 42 42 7C 00,.#####..,.#....#.,.#....#.,.#####..,.#....#.,.#....#.,.#####..,........
2,C,3C 42 40 40 40 42 3C 00,..####..,.#....#.,.#......,.#......,.#......,.#....#.,..####..,........
3,D,78 44 42 42 42 44 78 00,.####...,.#...#..,.#....#.,.#....#.,.#....#.,.#...#..,.####...,........
4,E,7E 40 40 7C 40 40 7E 00,.######.,.#......,.#......,.#####..,.#......,.#......,.######.,........
5,F,7E 40 40 7C 40 40 40 00,.######.,.#......,.#......,.#####..,.#......,.#......,.#......,........
6,G,3C 42 40 4E 42 42 3C 00,..####..,.#....#.,.#......,.#..###.,.#....#.,.#....#.,..####..,........
7,H,42 42 42 7E 42 42 42 00,.#....#.,.#....#.,.#....#.,.######.,.#....#.,.#....#.,.#....#.,........
8,I,3E 08 08 08 08 08 3E 00,..#####.,....#...,....#...,....#...,....#...,....#...,..#####.,........
9,J,02 02 02 02 42 42 3C 00,......#.,......#.,......#.,......#.,.#....#.,.#....#.,..####..,........
10,K,42 44 48 70 48 44 42 00,.#....#.,.#...#..,.#..#...,.###....,.#..#...,.#...#..,.#....#.,........
11,L,40 40 40 40 40 40 7E 00,.#......,.#......,.#......,.#......,.#......,.#......,.######.,........
12,M,42 66 5A 5A 42 42 42 00,.#....#.,.##..##.,.#.##.#.,.#.##.#.,.#....#.,.#....#.,.#....#.,........
13,N,42 62 52 4A 46 42 42 00,.#....#.,.##...#.,.#.#..#.,.#..#.#.,.#...##.,.#....#.,.#....#.,........
14,O,3C 42 42 42 42 42 3C 00,..####..,.#....#.,.#....#.,.#....#.,.#....#.,.#....#.,..####..,........
15,P,7C 42 42 7C 40 40 40 00,.#####..,.#....#.,.#....#.,.#####..,.#......,.#......,.#......,........
16,Q,3C 42 42 42 4A 44 3A 00,..####..,.#....#.,.#....#.,.#....#.,.#..#.#.,.#...#..,..###.#.,........
17,R,7C 42 42 7C 48 44 42 00,.#####..,.#....#.,.#....#.,.#####..,.#..#...,.#...#..,.#....#.,........
18,S,3C 42 40 3C 02 42 3C 00,..####..,.#....#.,.#......,..####..,......#.,.#....#.,..####..,........
19,T,7F 08 08 08 08 08 08 00,.#######,....#...,....#...,....#...,....#...,....#...,....#...,........
20,U,42 42 42 42 42 42 3C 00,.#....#.,.#....#.,.#....#.,.#....#.,.#....#.,.#....#.,..####..,........
21,V,42 42 42 42 42 24 18 00,.#....#.,.#....#.,.#....#.,.#....#.,.#....#.,..#..#..,...##...,........
22,W,42 42 42 5A 5A 66 42 00,.#....#.,.#....#.,.#....#.,.#.##.#.,.#.##.#.,.##..##.,.#....#.,........
23,X,42 24 18 18 18 24 42 00,.#....#.,..#..#..,...##...,...##...,...##...,..#..#..,.#....#.,........
24,Y,41 22 14 08 08 08 08 00,.#.....#,..#...#.,...#.#..,....#...,....#...,....#...,....#...,........
25,Z,7E 04 08 10 20 40 7E 00,.######.,.....#..,....#...,...#....,..#.....,.#......,.######.,........
26,0,3C 66 6E 76 66 66 3C 00,..####..,.##..##.,.##.###.,.###.##.,.##..##.,.##..##.,..####..,........
27,1,18 38 18 18 18 18 7E 00,...##...,..###...,...##...,...##...,...##...,...##...,.######.,........
28,2,3C 66 06 1C 30 60 7E 00,..####..,.##..##.,.....##.,...###..,..##....,.##.....,.######.,........
29,3,3C 66 06 1C 06 66 3C 00,..####..,.##..##.,.....##.,...###..,.....##.,.##..##.,..####..,........
30,4,0C 1C 3C 6C 7E 0C 0C 00,....##..,...###..,..####..,.##.##..,.######.,....##..,....##..,........
31,5,7E 60 7C 06 06 66 3C 00,.######.,.##.....,.#####..,.....##.,.....##.,.##..##.,..####..,........
32,6,1C 30 60 7C 66 66 3C 00,...###..,..##....,.##.....,.#####..,.##..##.,.##..##.,..####..,........
33,7,7E 06 0C 18 30 30 30 00,.######.,.....##.,....##..,...##...,..##....,..##....,..##....,........
34,8,3C 66 66 3C 66 66 3C 00,..####..,.##..##.,.##..##.,..####..,.##..##.,.##..##.,..####..,........
35,9,3C 66 66 3E 06 0C 38 00,..####..,.##..##.,.##..##.,..#####.,.....##.,....##..,..###...,........
36,FA_ALEF,00 00 10 10 10 10 10 00,........,........,...#....,...#....,...#....,...#....,...#....,........
37,FA_BE,00 00 84 84 FC 00 10 00,........,........,#....#..,#....#..,######..,........,...#....,........
38,FA_PE,00 00 84 84 FC 00 30 10,........,........,#....#..,#....#..,######..,........,..##....,...#....
39,FA_TE,00 00 00 30 84 84 FC 00,........,........,........,..##....,#....#..,#....#..,######..,........
40,FA_SE,00 00 10 30 84 84 FC 00,........,........,...#....,..##....,#....#..,#....#..,######..,........
41,FA_JIM,00 10 28 08 10 28 42 3C,........,...#....,..#.#...,....#...,...#....,..#.#...,.#....#.,..####..
42,FA_CHE,10 28 08 10 2C 48 22 1C,...#....,..#.#...,....#...,...#....,..#.##..,.#..#...,..#...#.,...###..
43,FA_HE_JIM,00 10 28 08 10 20 44 38,........,...#....,..#.#...,....#...,...#....,..#.....,.#...#..,..###...
44,FA_KHE,04 10 28 08 10 20 44 38,.....#..,...#....,..#.#...,....#...,...#....,..#.....,.#...#..,..###...
45,FA_DAL,00 00 20 10 08 10 20 00,........,........,..#.....,...#....,....#...,...#....,..#.....,........
46,FA_ZAL,20 00 20 10 08 10 20 00,..#.....,........,..#.....,...#....,....#...,...#....,..#.....,........
47,FA_RE,00 00 02 04 48 30 00 00,........,........,......#.,.....#..,.#..#...,..##....,........,........
48,FA_ZE,04 00 04 08 90 60 00 00,.....#..,........,.....#..,....#...,#..#....,.##.....,........,........
49,FA_ZHE,02 00 06 00 04 08 90 60,......#.,........,.....##.,........,.....#..,....#...,#..#....,.##.....
50,FA_SIN,00 00 15 BB A0 E0 00 00,........,........,...#.#.#,#.###.##,#.#.....,###.....,........,........
51,FA_SHIN,02 06 00 15 BB A0 E0 00,......#.,.....##.,........,...#.#.#,#.###.##,#.#.....,###.....,........
52,FA_SAD,00 00 06 09 06 88 88 F8,........,........,.....##.,....#..#,.....##.,#...#...,#...#...,#####...
53,FA_ZAD,02 00 06 09 06 88 88 F8,......#.,........,.....##.,....#..#,.....##.,#...#...,#...#...,#####...
54,FA_TA,00 20 20 20 2C 32 FC 00,........,..#.....,..#.....,..#.....,..#.##..,..##..#.,######..,........
55,FA_ZHA,00 20 24 20 2C 32 FC 00,........,..#.....,..#..#..,..#.....,..#.##..,..##..#.,######..,........
56,FA_AIN,08 12 0C 18 30 60 42 7E,....#...,...#..#.,....##..,...##...,..##....,.##.....,.#....#.,.######.
57,FA_GHAIN,00 08 10 0C 10 20 44 38,........,....#...,...#....,....##..,...#....,..#.....,.#...#..,..###...
58,FA_FE,00 04 00 06 86 82 FE 00,........,.....#..,........,.....##.,#....##.,#.....#.,#######.,........
59,FA_GHAF,00 0C 00 0C 0C 84 84 78,........,....##..,........,....##..,....##..,#....#..,#....#..,.####...
60,FA_KAF,01 02 04 00 88 88 F8 00,.......#,......#.,.....#..,........,#...#...,#...#...,#####...,........
61,FA_GAF,05 02 04 00 88 88 F8 00,.....#.#,......#.,.....#..,........,#...#...,#...#...,#####...,........
62,FA_LAM,00 00 10 10 90 90 F0 00,........,........,...#....,...#....,#..#....,#..#....,####....,........
63,FA_MIM,00 00 18 78 40 40 40 00,........,........,...##...,.####...,.#......,.#......,.#......,........
64,FA_NUN,00 00 20 88 88 88 70 00,........,........,..#.....,#...#...,#...#...,#...#...,.###....,........
65,FA_VAV,00 00 30 30 10 20 00 00,........,........,..##....,..##....,...#....,..#.....,........,........
66,FA_HE,00 00 20 50 88 70 00 00,........,........,..#.....,.#.#....,#...#...,.###....,........,........
67,FA_YE,00 00 04 08 84 84 78 00,........,........,.....#..,....#...,#....#..,#....#..,.####...,........
68,SH_SQUARE,FF 81 81 81 81 81 81 FF,########,#......#,#......#,#......#,#......#,#......#,#......#,########
69,SH_SQUARE_FILL,FF FF FF FF FF FF FF FF,########,########,########,########,########,########,########,########
70,SH_CIRCLE,3C 42 81 81 81 42 3C 00,..####..,.#....#.,#......#,#......#,#......#,.#....#.,..####..,........
71,SH_CIRCLE_FILL,3C 7E FF FF FF 7E 3C 00,..####..,.######.,########,########,########,.######.,..####..,........
72,SH_HEART,00 66 FF FF 7E 3C 18 00,........,.##..##.,########,########,.######.,..####..,...##...,........
